Workbook

Sheet 报告
A1: 粗 集 料 试 验 分 析 报 告
A3: 试验单位 | E3: 合 同 段
A4: 试样名称 | B4: 碎石(5～25)mm | E4: 试验规程 | F4: 《公路工程集料试验规程》 JTG E42-2005
A5: 试样来源 | E5: 试验日期 | F5: 2012-09-17～2012-09-18
A6: 拟使用部位
A8: 筛 分
A9: 筛孔尺寸 | B9: 累计筛余 | C9: 上限（%） | D9: 下限（%） | E9: 筛孔尺寸 | F9: 累计筛余 | G9: 上限（%） | H9: 下限（%）
A10: （mm） | B10: （%） | E10: （mm） | F10: （%）
A11: 90 | B11: / | C11: / | D11: / | E11: 26.5 | F11: 5.3923968 | G11: - | H11: -
A12: 75 | B12: / | C12: / | D12: / | E12: 19 | F12: 32.160447 | G12: 45 | H12: 15
A13: 63 | B13: / | C13: / | D13: / | E13: 16 | F13: 50.459753 | G13: - | H13: -
A14: 53 | B14: / | C14: / | D14: / | E14: 9.5 | F14: 78.604494 | G14: 90 | H14: 70
A15: 37.5 | B15: 0 | C15: 0 | D15: 0 | E15: 4.75 | F15: 97.291362 | G15: 100 | H15: 90
A16: 31.5 | B16: 1 | C16: 5 | D16: 0 | E16: 2.36 | F16: 99.5 | G16: 100 | H16: 95
A17: 压碎值 | B17: 0.19 | E17: 针片状含量 | F17: 0.049
A18: 含泥量 | B18: 0.004 | E18: 表观密度 | F18: 2.613(g/cm3)
A19: 洛杉矶磨耗值 | B19: / | E19: 堆积密度 | F19: 1.54(g/cm3)
A20: 坚固性 | B20: / | E20: 粗集料定名 | F20: /
A21: 结论 | B21: 该碎石级配符合《公路桥涵施工技术规范》JTG/T F50-2011中粗集料(5～31.5)mm连续级配的要求，其他所检项目均符合粗集料技术指标Ⅱ类的要求。 | E21: 备注 | F21: 振实状态下的堆积密度为1.61g/cm3。
A23: 试验： 复核： 审核：

Sheet 筛分
A1: 粗 集 料 筛 分 试 验 记 录
A3: 试验单位 | B3: =报告!B3 -> 0 | F3: 合 同 号 | H3: =报告!F3 -> 0
A4: 试样名称 | B4: =报告!B4 -> 碎石(5～25)mm | F4: 试验规程 | H4: =报告!F4 -> 《公路工程集料试验规程》 JTG E42-2005
A5: 试样来源 | B5: =报告!B5 -> 0 | F5: 试验日期 | H5: 41563
A6: 拟使用部位 | B6: =报告!B6 -> 0
A8: 干燥试样总量m0(g) | B8: 第1组 | F8: 第2组 | J8: 平均 | O8: 级配 情况 | P8: 公称粒 级(mm) | Q8: 累计筛余（%）
B9: 4896 | F9: 4896 | Q9: 方孔筛尺寸（mm）
A10: 筛孔尺寸 (mm) | B10: 筛上重mi(g) | C10: 分计筛余(%) | D10: 累计筛余(%) | E10: 通过百分率(%) | F10: 筛上重mi(g) | G10: 分计筛余(%) | H10: 累计筛余(%) | I10: 通过百分率(%) | J10: 通过百分率(%) | Q10: 2.36 | R10: 4.75 | S10: 9.5 | T10: 16 | U10: 19 | V10: 26.5 | W10: 31.5 | X10: 37.5 | Y10: 53 | Z10: 63 | AA10: 75 | AB10: 90
A11: 37.5 | B11: 0 | C11: 0 | D11: =C11 -> 0 | E11: =100-D11 -> 100 | F11: 0 | G11: 0 | H11: =G11 -> 0 | I11: =100-H11 -> 100 | J11: 100 | O11: 连续 级配 | P11: 5～10 | Q11: 95～100 | R11: 80～100 | S11: 0～15 | T11: 0
A12: 31.5 | B12: 0 | C12: =IF((M12/0.1)-INT((M12/0.1))<>0.5,INT((M12/0.1)+0.5)*0.1,IF(MOD(RIGHT(INT((M12/0.1)),1),2)=0,INT((M12/0.1))*0.1,INT((M12/0.1)+0.5)*0.1)) -> 0 | D12: =D11+C12 -> 0 | E12: =100-D12 -> 100 | F12: 0 | G12: =IF((N12/0.1)-INT((N12/0.1))<>0.5,INT((N12/0.1)+0.5)*0.1,IF(MOD(RIGHT(INT((N12/0.1)),1),2)=0,INT((N12/0.1))*0.1,INT((N12/0.1)+0.5)*0.1)) -> 0 | H12: =H11+G12 -> 0 | I12: =100-H12 -> 100 | J12: 100 | M12: =B12/B20*100 -> 0 | N12: =F12/F20*100 -> 0 | P12: 5～16 | Q12: 95～100 | R12: 85～100 | S12: 30～60 | T12: 0～10 | U12: 0
A13: 26.5 | B13: 555 | C13: =IF((M13/0.1)-INT((M13/0.1))<>0.5,INT((M13/0.1)+0.5)*0.1,IF(MOD(RIGHT(INT((M13/0.1)),1),2)=0,INT((M13/0.1))*0.1,INT((M13/0.1)+0.5)*0.1)) -> 11.3 | D13: =D12+C13 -> 11.3 | E13: =100-D13 -> 88.7 | F13: 555 | G13: =IF((N13/0.1)-INT((N13/0.1))<>0.5,INT((N13/0.1)+0.5)*0.1,IF(MOD(RIGHT(INT((N13/0.1)),1),2)=0,INT((N13/0.1))*0.1,INT((N13/0.1)+0.5)*0.1)) -> 11.3 | H13: =H12+G13 -> 11.3 | I13: =100-H13 -> 88.7 | J13: =AVERAGE(E13,I13) -> 88.7 | M13: =B13/B20*100 -> 11.335784 | N13: =F13/F20*100 -> 11.335784 | P13: 5～20 | Q13: 95～100 | R13: 90～100 | S13: 40～80 | U13: 0～10 | V13: 0
A14: 19 | B14: 1256 | C14: =IF((M14/0.1)-INT((M14/0.1))<>0.5,INT((M14/0.1)+0.5)*0.1,IF(MOD(RIGHT(INT((M14/0.1)),1),2)=0,INT((M14/0.1))*0.1,INT((M14/0.1)+0.5)*0.1)) -> 25.7 | D14: =D13+C14 -> 37 | E14: =100-D14 -> 63 | F14: 1256 | G14: =IF((N14/0.1)-INT((N14/0.1))<>0.5,INT((N14/0.1)+0.5)*0.1,IF(MOD(RIGHT(INT((N14/0.1)),1),2)=0,INT((N14/0.1))*0.1,INT((N14/0.1)+0.5)*0.1)) -> 25.7 | H14: =H13+G14 -> 37 | I14: =100-H14 -> 63 | J14: =AVERAGE(E14,I14) -> 63 | M14: =B14/B20*100 -> 25.653595 | N14: =F14/F20*100 -> 25.653595 | P14: 5～25 | Q14: 95～100 | R14: 90～100 | T14: 30～70 | V14: 0～5 | W14: 0
A15: 16 | B15: 1369 | C15: =IF((M15/0.1)-INT((M15/0.1))<>0.5,INT((M15/0.1)+0.5)*0.1,IF(MOD(RIGHT(INT((M15/0.1)),1),2)=0,INT((M15/0.1))*0.1,INT((M15/0.1)+0.5)*0.1)) -> 28 | D15: =D14+C15 -> 65 | E15: =100-D15 -> 35 | F15: 1369 | G15: =IF((N15/0.1)-INT((N15/0.1))<>0.5,INT((N15/0.1)+0.5)*0.1,IF(MOD(RIGHT(INT((N15/0.1)),1),2)=0,INT((N15/0.1))*0.1,INT((N15/0.1)+0.5)*0.1)) -> 28 | H15: =H14+G15 -> 65 | I15: =100-H15 -> 35 | J15: =AVERAGE(E15,I15) -> 35 | M15: =B15/B20*100 -> 27.961601 | N15: =F15/F20*100 -> 27.961601 | P15: 5～31.5 | Q15: 95～100 | R15: 90～100 | S15: 70～90 | U15: 15～45 | W15: 0～5 | X15: 0
A16: 9.5 | B16: 876 | C16: =IF((M16/0.1)-INT((M16/0.1))<>0.5,INT((M16/0.1)+0.5)*0.1,IF(MOD(RIGHT(INT((M16/0.1)),1),2)=0,INT((M16/0.1))*0.1,INT((M16/0.1)+0.5)*0.1)) -> 17.9 | D16: =D15+C16 -> 82.9 | E16: =100-D16 -> 17.1 | F16: 876 | G16: =IF((N16/0.1)-INT((N16/0.1))<>0.5,INT((N16/0.1)+0.5)*0.1,IF(MOD(RIGHT(INT((N16/0.1)),1),2)=0,INT((N16/0.1))*0.1,INT((N16/0.1)+0.5)*0.1)) -> 17.9 | H16: =H15+G16 -> 82.9 | I16: =100-H16 -> 17.1 | J16: =AVERAGE(E16,I16) -> 17.1 | M16: =B16/B20*100 -> 17.892157 | N16: =F16/F20*100 -> 17.892157 | P16: 5～40 | R16: 95～100 | S16: 70～90 | U16: 30～65 | X16: 0～5 | Y16: 0
A17: 4.75 | B17: 520 | C17: =IF((M17/0.1)-INT((M17/0.1))<>0.5,INT((M17/0.1)+0.5)*0.1,IF(MOD(RIGHT(INT((M17/0.1)),1),2)=0,INT((M17/0.1))*0.1,INT((M17/0.1)+0.5)*0.1)) -> 10.6 | D17: =D16+C17 -> 93.5 | E17: =100-D17 -> 6.5 | F17: 520 | G17: =IF((N17/0.1)-INT((N17/0.1))<>0.5,INT((N17/0.1)+0.5)*0.1,IF(MOD(RIGHT(INT((N17/0.1)),1),2)=0,INT((N17/0.1))*0.1,INT((N17/0.1)+0.5)*0.1)) -> 10.6 | H17: =H16+G17 -> 93.5 | I17: =100-H17 -> 6.5 | J17: =AVERAGE(E17,I17) -> 6.5 | M17: =B17/B20*100 -> 10.620915 | N17: =F17/F20*100 -> 10.620915 | O17: 单粒 级配 | P17: 10～20 | R17: 95～100 | S17: 85～100 | U17: 0～15 | V17: 0
A18: 2.36 | B18: 265 | C18: =IF((M18/0.1)-INT((M18/0.1))<>0.5,INT((M18/0.1)+0.5)*0.1,IF(MOD(RIGHT(INT((M18/0.1)),1),2)=0,INT((M18/0.1))*0.1,INT((M18/0.1)+0.5)*0.1)) -> 5.4 | D18: =D17+C18 -> 98.9 | E18: =100-D18 -> 1.1 | F18: 265 | G18: =IF((N18/0.1)-INT((N18/0.1))<>0.5,INT((N18/0.1)+0.5)*0.1,IF(MOD(RIGHT(INT((N18/0.1)),1),2)=0,INT((N18/0.1))*0.1,INT((N18/0.1)+0.5)*0.1)) -> 5.4 | H18: =H17+G18 -> 98.9 | I18: =100-H18 -> 1.1 | J18: =AVERAGE(E18,I18) -> 1.1 | M18: =B18/B20*100 -> 5.4125817 | N18: =F18/F20*100 -> 5.4125817 | P18: 16～31.5 | R18: 95～100 | T18: 85～100 | W18: 0～10 | X18: 0
A19: 筛底m | B19: 55 | C19: =IF((M19/0.1)-INT((M19/0.1))<>0.5,INT((M19/0.1)+0.5)*0.1,IF(MOD(RIGHT(INT((M19/0.1)),1),2)=0,INT((M19/0.1))*0.1,INT((M19/0.1)+0.5)*0.1)) -> 1.1 | D19: =D18+C19 -> 100 | F19: 55 | G19: =IF((N19/0.1)-INT((N19/0.1))<>0.5,INT((N19/0.1)+0.5)*0.1,IF(MOD(RIGHT(INT((N19/0.1)),1),2)=0,INT((N19/0.1))*0.1,INT((N19/0.1)+0.5)*0.1)) -> 1.1 | H19: =H18+G19 -> 100 | M19: =B19/B20*100 -> 1.123366 | N19: =F19/F20*100 -> 1.123366 | P19: 20～40 | S19: 95～100 | U19: 80～100 | X19: 0～10 | Y19: 0
A20: 筛分后总量 Σmi(g) | B20: =SUM(B11:B19) -> 4896 | F20: =SUM(F11:F19) -> 4896 | P20: 31.5～63 | T20: 95～100 | W20: 75～100 | X20: 45～75 | Z20: 0～10 | AA20: 0
A21: 损耗m5(g) | B21: =B9-B20 -> 0 | F21: =F9-F20 -> 0 | P21: 40～80 | U21: 95～100 | X21: 70～100 | Z21: 30～60 | AA21: 0～10 | AB21: 0
A22: 损耗率(%) | B22: =B21/B9*100 -> 0 | F22: =F21/F9*100 -> 0 | O22: 127
A24: 结论 | B24: /
A25: 备注 | B25: /
A27: 试验： 记录： 复核：
A30: 2.36 | B30: 4.75 | C30: 9.5 | D30: 16 | E30: 19 | F30: 26.5 | G30: 31.5 | H30: 37.5
A31: 5 | B31: 10 | C31: 30 | E31: 85 | G31: 100 | H31: 100
A32: =J18 -> 1.1 | B32: =J17 -> 6.5 | C32: =J16 -> 17.1 | D32: =J15 -> 35 | E32: =J14 -> 63 | F32: =J13 -> 88.7 | G32: 99 | H32: =J11 -> 100
A33: 0 | B33: 0 | C33: 10 | E33: 55 | G33: 95 | H33: 100

Sheet 针片状
A1: 水泥混凝土用粗集料针片状颗粒含量试验
A3: 试验单位 | B3: =报告!B3 -> 0 | D3: 合 同 段 | E3: =报告!F3 -> 0
A4: 试样名称 | B4: =报告!B4 -> 碎石(5～25)mm | D4: 试验规程 | E4: =报告!F4 -> 《公路工程集料试验规程》 JTG E42-2005
A5: 试样来源 | B5: =报告!B5 -> 0 | D5: 试验日期 | E5: 41169
A6: 拟使用部位 | B6: =报告!B6 -> 0
A8: 试样粒级 | C8: 试样质量（g） | D8: 针状颗粒质量（g） | F8: 片状颗粒质量（g）
A9: 4.75～9.5 | C9: 701 | D9: 35 | F9: 33 | H9: 76
A10: 9.5～16 | C10: 1231 | D10: 50 | F10: 45 | H10: 193.5
A11: 16～19 | C11: 1305 | D11: 56 | F11: 51 | H11: 1347.5
A12: 19～26.5 | C12: 1197 | D12: 66 | F12: 62 | H12: 919.5
A13: 26.5～31.5 | C13: 576 | D13: 63 | F13: 61 | H13: 1415
A14: 31.5～37.5 | C14: 0 | D14: 0 | F14: 0 | H14: 947.5
A15: 试样总质量（g） | C15: 5174
A16: 针片状颗粒总质量（g） | C16: =SUM(D9:F14) -> 522
A17: 试样针片状颗粒含量（%） | C17: =C16/C15*100 -> 10.088906
A18: 结论 | C18: /
A19: 备注 | C19: /
A20: 试验： 记录： 复核：

Sheet 压碎值
A1: 水泥混凝土用粗集料压碎指标值试验记录
A3: 试验单位 | C3: =报告!B3 -> 0 | E3: 合 同 段 | G3: =报告!F3 -> 0
A4: 试样名称 | C4: =报告!B4 -> 碎石(5～25)mm | E4: 试验规程 | G4: =报告!F4 -> 《公路工程集料试验规程》 JTG E42-2005
A5: 试样来源 | C5: =报告!B5 -> 0 | E5: 试验日期 | G5: 41568
A6: 拟使用部位 | C6: =报告!B6 -> 0
A8: 试样编号 | B8: 9.5～13.2mm筛取干试样质量(g) | D8: 2.36mm筛筛余质量(g) | F8: 压碎值(%) | H8: 平均值(%)
A9: 1# | B9: 2710 | D9: 2211 | F9: =IF((K9/0.1)-INT((K9/0.1))<>0.5,INT((K9/0.1)+0.5)*0.1,IF(MOD(RIGHT(INT((K9/0.1)),1),2)=0,INT((K9/0.1))*0.1,INT((K9/0.1)+0.5)*0.1)) -> 18.4 | H9: =AVERAGE(F9:G11) -> 18.5 | K9: =(B9-D9)/B9*100 -> 18.413284
A10: 2# | B10: =B9 -> 2710 | D10: 2215 | F10: =IF((K10/0.1)-INT((K10/0.1))<>0.5,INT((K10/0.1)+0.5)*0.1,IF(MOD(RIGHT(INT((K10/0.1)),1),2)=0,INT((K10/0.1))*0.1,INT((K10/0.1)+0.5)*0.1)) -> 18.3 | K10: =(B10-D10)/B10*100 -> 18.265683
A11: 3# | B11: =B9 -> 2710 | D11: 2201 | F11: =IF((K11/0.1)-INT((K11/0.1))<>0.5,INT((K11/0.1)+0.5)*0.1,IF(MOD(RIGHT(INT((K11/0.1)),1),2)=0,INT((K11/0.1))*0.1,INT((K11/0.1)+0.5)*0.1)) -> 18.8 | K11: =(B11-D11)/B11*100 -> 18.782288
A12: / | B12: / | D12: / | F12: / | H12: /
A13: / | B13: / | D13: / | F13: /
A14: / | B14: / | D14: / | F14: /
A15: / | B15: / | D15: / | F15: / | H15: /
A16: / | B16: / | D16: / | F16: /
A17: / | B17: / | D17: / | F17: /
A18: 结论 | B18: /
A19: 备注 | B19: /
A20: 试验： 记录： 复核：

Sheet 含泥量、泥块含量
A1: 粗集料含泥量、泥块含量试验记录（筛洗法）
A3: 试验单位 | B3: =报告!B3 -> 0 | D3: 合 同 段 | E3: =报告!F3 -> 0
A4: 试样名称 | B4: =报告!B4 -> 碎石(5～25)mm | D4: 试验规程 | E4: 《公路工程集料试验规程》 JTG E42-2005
A5: 试样来源 | B5: =报告!B5 -> 0
A6: 拟使用部位 | D6: 试验日期 | E6: 2013-10-17～2012-10-18
A8: 含 泥 量 试 验 记 录
A9: 试样编号 | B9: 水洗前烘干试样质量（g） | D9: 水洗后留1.18 mm及0.075mm筛烘干颗粒质量（g） | E9: 含泥量（%） | F9: 平均值（%）
A10: 1# | B10: 5086 | D10: 5050 | E10: =IF((H10/0.1)-INT((H10/0.1))<>0.5,INT((H10/0.1)+0.5)*0.1,IF(MOD(RIGHT(INT((H10/0.1)),1),2)=0,INT((H10/0.1))*0.1,INT((H10/0.1)+0.5)*0.1)) -> 0.7 | F10: =AVERAGE(E10:E11) -> 0.65 | H10: =(B10-D10)/B10*100 -> 0.7078254
A11: 2# | B11: 5066 | D11: 5035 | E11: =IF((H11/0.1)-INT((H11/0.1))<>0.5,INT((H11/0.1)+0.5)*0.1,IF(MOD(RIGHT(INT((H11/0.1)),1),2)=0,INT((H11/0.1))*0.1,INT((H11/0.1)+0.5)*0.1)) -> 0.6 | H11: =(B11-D11)/B11*100 -> 0.61192262
A12: 含 泥 块 试 验 记 录
A13: 试样编号 | B13: 水洗前烘干试样质量m1（g） | C13: 4.75mm筛筛余质量m2（g） | D13: 水洗后留2.36mm筛烘干质量m3（g） | E13: 含泥量（%） 100(m2—m3)/m2 | F13: 平均值（%）
A14: / | B14: / | C14: / | D14: / | E14: / | F14: /
A15: / | B15: / | C15: / | D15: / | E15: /
A16: 结论 | B16: / | D16: 备注 | E16: /
A18: 试验： 记录： 复核：

Sheet 堆积密度
A1: 粗 集 料 堆 积 密 度 试 验 记 录
A3: 试验单位 | F3: 合 同 段
A4: 试样名称 | C4: =报告!B4 -> 碎石(5～25)mm | F4: 试验规程 | H4: 《公路工程集料试验规程》 JTG E42-2005
A5: 试样来源 | F5: 试验日期 | H5: 41170
A6: 拟使用部位 | C6: =报告!B6 -> 0
A7: 堆积密度（自然堆积状态）
A8: 试样编号 | B8: 容积升体积(mL) | C8: 容积升重量（g) | D8: 石子+容积升重量（g) | F8: 石子重（g) | G8: 石子堆积密度（g/cm3) | I8: 石子堆积密度平均值（g/cm3)
A9: 1# | B9: 10012 | C9: 1275 | D9: 16643 | F9: =D9-C9 -> 15368 | G9: =F9/B9 -> 1.5349581 | I9: =AVERAGE(K9:K10) -> 1.535 | K9: =IF((G9/0.01)-INT((G9/0.01))<>0.5,INT((G9/0.01)+0.5)*0.01,IF(MOD(RIGHT(INT((G9/0.01)),1),2)=0,INT((G9/0.01))*0.01,INT((G9/0.01)+0.5)*0.01)) -> 1.53
A10: 2# | B10: 10012 | C10: 1275 | D10: 16659 | F10: =D10-C10 -> 15384 | G10: =F10/B10 -> 1.5365561 | K10: =IF((G10/0.01)-INT((G10/0.01))<>0.5,INT((G10/0.01)+0.5)*0.01,IF(MOD(RIGHT(INT((G10/0.01)),1),2)=0,INT((G10/0.01))*0.01,INT((G10/0.01)+0.5)*0.01)) -> 1.54
A11: 堆积密度（振实状态）
A12: 试样编号 | B12: 容积升体积(mL) | C12: 容积升重量（g) | D12: 石子+容积升重量（g) | F12: 石子重（g) | G12: 石子堆积密度（g/cm3) | I12: 石子堆积密度平均值（g/cm3)
A13: 1# | B13: 10012 | C13: 1275 | D13: 17346 | F13: =D13-C13 -> 16071 | G13: =F13/B13 -> 1.6051738 | I13: =AVERAGE(G13:H14) -> 1.609169
A14: 2# | B14: 10012 | C14: 1275 | D14: 17426 | F14: =D14-C14 -> 16151 | G14: =F14/B14 -> 1.6131642
A15: 堆积密度（捣实状态）
A16: 试样编号 | B16: 容积升体积(mL) | C16: 容积升重量（g) | D16: 石子+容积升重量（g) | F16: 石子重（g) | G16: 石子堆积密度（g/cm3) | I16: 石子堆积密度平均值（g/cm3)
A17: / | B17: / | C17: / | D17: / | F17: / | G17: / | I17: /
A18: / | B18: / | C18: / | D18: / | F18: / | G18: /
A19: 结论 | B19: /
A20: 备注 | B20: /
A21: 试验： 记录： 复核：

Sheet 密度(网篮)
A1: 粗集料密度及吸水率试验记录（网篮法）
A3: 试验单位 | B3: =报告!B3 -> 0 | D3: 合同号 | F3: =报告!F3 -> 0
A4: 试样来源 | B4: =报告!B5 -> 0 | D4: 试验规程 | F4: 《公路工程集料试验规程》 JTG E42-2005
A5: 试样名称 | B5: =报告!B4 -> 碎石(5～25)mm | D5: 试验日期 | F5: 2013-10-17～2013-10-18
A6: 试验水温 | B6: 23oC
A8: /
A9: 粗集料水中重 | C9: mW （g） | D9: 952.5 | E9: 976.4
A10: 粗集料表干质量 | C10: mf （g） | D10: 1516.7 | E10: 1554.3
A11: 粗集料烘干质量 | C11: ma （g） | D11: 1507.5 | E11: 1546.8
A12: 表观相对密度 | C12: γa= ma÷（ma- mW） | D12: =D11/(D11-D9) -> 2.7162162 | E12: =E11/(E11-E9) -> 2.7117812
A13: 表观相对密度平均值 | C13: γa | D13: =AVERAGE(D12:E12) -> 2.7139987
A14: 表观密度（视密度） | C14: ρa=γa×ρT (g/cm3) | D14: =D13*0.9975 -> 2.7072137
A15: 毛体积相对密度 | C15: γb= ma÷(mf - mW ) | D15: =D11/(D10-D9) -> 2.6719248 | E15: =E11/(E10-E9) -> 2.6765876
A16: 毛体积相对密度平均值 | C16: γb | D16: =AVERAGE(D15:E15) -> 2.6742562
A17: 毛体积密度 | C17: ρb=γb×ρT (g/cm3) | D17: =D15*0.9975 -> 2.665245 | E17: =E15*0.9975 -> 2.6698962
A18: 表干相对密度 | C18: γS= mf÷(mf - mW ) | D18: =D10/(D10-D9) -> 2.6882311 | E18: =E10/(E10-E9) -> 2.6895657
A19: 表干相对密度平均值 | C19: γS | D19: =AVERAGE(D18:E18) -> 2.6888984
A20: 表干密度 | C20: ρS=γs×ρT (g/cm3) | D20: =D19*0.9975 -> 2.6821762
A21: 粗集料吸水率 | C21: Wx=(mf-ma)/ma (%) | D21: =(D10-D11)/D11*100 -> 0.61028192 | E21: =(E10-E11)/E11*100 -> 0.48487199
A22: 粗集料吸水率平均值 | C22: Wx (%) | D22: =AVERAGE(D21:E21) -> 0.54757696
A23: 结论: /
A25: 试验： 记录： 复核：

Sheet Sheet3
